"View and Edit Cart", "Se indkøbskurv"
"Ask Your Question", "Stil spørgsmål til produktet"
"From", "Fra"
"As low as", "Fra"
"KONTAKT KUNDESERVICE FOR INFORMATION OM VARER I DENNE KATEGORI: TLF 71 99 80 87 - info@stigefabrikken.dk.", "KONTAKT KUNDESERVICE FOR INFORMATION OM VARER I DENNE KATEGORI: TLF 78 71 31 31 - info@stigefabrikken.dk."
"Toggle Nav","Menu"
"Measurements & Dimensions","Mål og Dimensioner"
", can we ask a few quick questions?",", må vi stille et par hurtige spørgsmål?"
"Submit a reply","Indsend svar"
"Thank you!","Mange tak"
"for answering our questions",""
"Go to product","Gå til produkt"
"Choose variant","Vælg variant"
"Show Results","Vis resultater"
"Full review","Se anmeldelsen her"